split,n_assays,total_samples,median_n,iqr_n,min_n,max_n,median_mean_label,iqr_mean_label,median_sd_label,iqr_sd_label
train,66,1149612,2453.000000,4536.000000,160,429569,-0.055769,1.331570,0.605924,0.812164
valid,66,143674,306.000000,567.750000,20,53696,-0.041831,1.296825,0.601534,0.840152
test,66,143761,307.500000,566.250000,20,53697,-0.031970,1.320946,0.597304,0.800143
