{
  "run_tag": "promep_lrP3.5e-4_lrH2e-4",
  "n_proteins": 66,
  "macro_avg_spearman": 0.5656430868332114,
  "median_spearman": 0.5709084426096311,
  "std_spearman": 0.22181870054574243,
  "min_spearman": 0.005928853754940711,
  "max_spearman": 0.9655562971172947,
  "per_protein": {
    "A0A1I9GEU1_NEIME_Kennouche_2019": 0.14427406028740328,
    "A4GRB6_PSEAI_Chen_2020": 0.697878569554119,
    "A4_HUMAN_Seuma_2021": 0.6728193686299924,
    "AACC1_PSEAI_Dandage_2018": 0.231173982555198,
    "ADRB2_HUMAN_Jones_2020": 0.5546656565333453,
    "AMIE_PSEAE_Wrenbeck_2017": 0.5438319151161417,
    "B3VI55_LIPST_Klesmith_2015": 0.6481215862928684,
    "BLAT_ECOLX_Deng_2012": 0.8150170842579966,
    "BLAT_ECOLX_Firnberg_2014": 0.8840583570700363,
    "BLAT_ECOLX_Jacquier_2013": 0.3881469073739385,
    "BLAT_ECOLX_Stiffler_2015": 0.9041073550110934,
    "BRCA1_HUMAN_Findlay_2018": 0.41099387861822884,
    "CALM1_HUMAN_Weile_2017": 0.17973865641649356,
    "CCDB_ECOLI_Adkar_2012": 0.6957979943346458,
    "CCDB_ECOLI_Tripathi_2016": 0.6058375530914455,
    "CP2C9_HUMAN_Amorosi_abundance_2021": 0.4906550833681608,
    "CP2C9_HUMAN_Amorosi_activity_2021": 0.3594666317237224,
    "DLG4_HUMAN_Faure_2021": 0.8366605599885744,
    "DLG4_RAT_McLaughlin_2012": 0.4307681743852514,
    "DYR_ECOLI_Thompson_plusLon_2019": 0.6686766103137243,
    "ESTA_BACSU_Nutschel_2020": 0.21410086043024568,
    "F7YBW8_MESOW_Aakre_2015": 0.5501951812378835,
    "GAL4_YEAST_Kitzman_2015": 0.3933217120847134,
    "GCN4_YEAST_Staller_induction_2018": 0.5618579037645572,
    "GFP_AEQVI_Sarkisyan_2016": 0.8711881613909009,
    "GRB2_HUMAN_Faure_2021": 0.8812125401865359,
    "HIS7_YEAST_Pokusaeva_2019": 0.7405336362435674,
    "HSP82_YEAST_Flynn_2019": 0.26962856884126707,
    "HSP82_YEAST_Mishra_2016": 0.5734347229169549,
    "IF1_ECOLI_Kelsic_2016": 0.724135647869244,
    "KCNH2_HUMAN_Kozek_2020": 0.27518796992481204,
    "KKA2_KLEPN_Melnikov_2014": 0.7853616988384495,
    "MK01_HUMAN_Brenan_2016": 0.4840046567192206,
    "MSH2_HUMAN_Jia_2020": 0.30239497232047874,
    "MTH3_HAEAE_Rockah-Shmuel_2015": 0.5071408208516889,
    "NUD15_HUMAN_Suiter_2020": 0.770606043326577,
    "P53_HUMAN_Giacomelli_NULL_Etoposide_2018": 0.3458191375556272,
    "P53_HUMAN_Giacomelli_NULL_Nutlin_2018": 0.32990743902698916,
    "P53_HUMAN_Giacomelli_WT_Nutlin_2018": 0.8613895323509293,
    "P53_HUMAN_Kotler_2018": 0.44223492959165683,
    "P84126_THETH_Chan_2017": 0.8005340892337796,
    "PABP_YEAST_Melamed_2013": 0.9339867201300096,
    "PTEN_HUMAN_Matreyek_2021": 0.6506287007984616,
    "PTEN_HUMAN_Mighell_2018": 0.5872156317934473,
    "Q59976_STRSQ_Romero_2015": 0.3797908974538066,
    "RASH_HUMAN_Bandaru_2017": 0.7990710889268102,
    "RL401_YEAST_Mavor_2016": 0.7429944295183588,
    "RL401_YEAST_Roscoe_2013": 0.8538509618723522,
    "RL401_YEAST_Roscoe_2014": 0.6881474192274234,
    "SC6A4_HUMAN_Young_2021": 0.34971485697792876,
    "SCN5A_HUMAN_Glazer_2019": 0.005928853754940711,
    "SPG1_STRSG_Olson_2014": 0.9655562971172947,
    "SRC_HUMAN_Ahler_CD_2019": 0.33270237265971053,
    "SUMO1_HUMAN_Weile_2017": 0.615439573524832,
    "SYUA_HUMAN_Newberry_2020": 0.6610593815215329,
    "TADBP_HUMAN_Bolognesi_2019": 0.6794811001219345,
    "TPK1_HUMAN_Weile_2017": 0.32839060744070503,
    "TPMT_HUMAN_Matreyek_2018": 0.557010030894887,
    "TPOR_HUMAN_Bridgford_S505N_2020": 0.5683821623023075,
    "TRPC_SACS2_Chan_2017": 0.7392076447804,
    "TRPC_THEMA_Chan_2017": 0.438156251387522,
    "UBC9_HUMAN_Weile_2017": 0.5272939100533888,
    "UBE4B_MOUSE_Starita_2013": 0.3226733769181153,
    "VKOR1_HUMAN_Chiasson_abundance_2020": 0.7202150311465938,
    "VKOR1_HUMAN_Chiasson_activity_2020": 0.28209965048284963,
    "YAP1_HUMAN_Araya_2012": 0.7565665705578793
  }
}